Month,Predicted_Price,Predicted_Quantity
01-01-2020,4044.909481,34603.15668
02-01-2020,4035.131263,32617.24537
03-01-2020,4025.857857,33961.80941
04-01-2020,4016.266207,33246.51456
06-01-2020,3977.949579,36894.77023
07-01-2020,3947.839471,35047.63786
08-01-2020,3934.045037,36137.20399
09-01-2020,3922.101466,34266.36361
10-01-2020,3910.741484,35681.02785
11-01-2020,3899.157764,34989.80895
13-01-2020,3857.197558,38549.05007
14-01-2020,3825.460504,36591.7597
16-01-2020,3796.904756,35473.06183
17-01-2020,3784.365578,36668.54795
18-01-2020,3771.759217,35731.00186
20-01-2020,3728.217375,38738.5986
21-01-2020,3695.91139,36488.00365
22-01-2020,3680.200866,37130.45024
23-01-2020,3666.616387,34778.69391
24-01-2020,3653.881145,35689.06479
25-01-2020,3641.173407,34480.91766
27-01-2020,3597.637871,37011.56869
28-01-2020,3565.398084,34563.61056
29-01-2020,3549.766119,35041.00454
30-01-2020,3536.249325,32559.27372
31-01-2020,3523.547316,33376.73228
01-02-2020,3510.814822,32113.90969
03-02-2020,3466.964196,34650.53745
04-02-2020,3434.390698,32261.54057
05-02-2020,3418.281031,32832.8153
06-02-2020,3404.124955,30477.21054
07-02-2020,3390.606761,31449.74175
08-02-2020,3376.868425,30367.09273
10-02-2020,3330.400649,33321.77936
11-02-2020,3296.205548,31161.05463
12-02-2020,3278.264412,31966.67708
13-02-2020,3262.070578,29846.32711
14-02-2020,3246.315585,31049.89171
15-02-2020,3230.152359,30189.06597
17-02-2020,3178.332585,33541.07992
18-02-2020,3141.250247,31547.40876
19-02-2020,3120.3132,32494.1294
20-02-2020,3101.042734,30485.92512
21-02-2020,3082.161072,31770.2834
22-02-2020,3062.854194,30957.13964
24-02-2020,3004.837861,34301.51408
25-02-2020,2964.77682,32252.41641
26-02-2020,2940.991488,33110.39022
27-02-2020,2919.041292,30981.77813
28-02-2020,2897.685998,32116.3724
29-02-2020,2876.147943,31127.01998
02-03-2020,2814.532532,34054.0211
03-03-2020,2784.490632,31772.13164
04-03-2020,2771.088585,32387.47505
05-03-2020,2759.907454,30011.43826
06-03-2020,2749.724084,30899.05371
07-03-2020,2739.772896,29668.51583
09-03-2020,2702.597211,32151.90462
10-03-2020,2674.078685,29677.99463
11-03-2020,2662.606861,30127.74039
12-03-2020,2653.745745,27617.0408
13-03-2020,2646.249057,28405.00889
18-03-2020,2576.858045,27764.04019
19-03-2020,2572.089274,25416.3898
28-05-2020,1841.238501,28489.88644
03-06-2020,1826.324229,31231.5984
04-06-2020,1829.766309,29156.31051
05-06-2020,1833.988693,30360.54723
06-06-2020,1838.150512,29459.59091
08-06-2020,1828.043992,32628.19906
09-06-2020,1812.355912,30502.92176
10-06-2020,1813.17183,31300.25889
12-06-2020,1819.585264,30253.13604
13-06-2020,1823.074193,29280.88095
15-06-2020,1811.605147,32348.36237
16-06-2020,1795.255432,30195.04543
17-06-2020,1795.439702,30979.79416
19-06-2020,1800.724298,29952.69869
22-06-2020,1791.527784,32178.30524
23-06-2020,1774.930477,30090.3094
24-06-2020,1774.956058,30948.96393
25-06-2020,1777.138384,28864.51255
26-06-2020,1780.206901,30089.95756
27-06-2020,1783.349137,29240.64375
29-06-2020,1771.704052,32601.67928
30-06-2020,1755.537755,30615.20469
01-07-2020,1756.091167,31578.02607
02-07-2020,1758.894321,29600.55984
03-07-2020,1762.67147,30936.25546
04-07-2020,1766.603566,30201.15294
06-07-2020,1756.748713,33806.27149
07-07-2020,1741.56288,31951.89847
08-07-2020,1743.138302,33055.11663
09-07-2020,1746.992097,31227.50572
10-07-2020,1751.834646,32723.56798
13-07-2020,1749.047266,36145.0888
14-07-2020,1734.83446,34498.92923
15-07-2020,1737.320772,35822.03595
16-07-2020,1742.00811,34225.00666
17-07-2020,1747.592319,35960.8751
18-07-2020,1753.226103,35644.58755
22-07-2020,1734.980545,40311.76863
24-07-2020,1745.009815,40913.82738
25-07-2020,1750.291061,40805.01762
28-07-2020,1727.494035,44377.00361
30-07-2020,1732.737691,44744.44693
01-08-2020,1740.961998,46595.70695
03-08-2020,1730.142479,51261.41971
04-08-2020,1713.904723,49848.13007
05-08-2020,1714.049645,51324.02593
06-08-2020,1716.100825,49794.6513
07-08-2020,1718.779454,51509.18311
08-08-2020,1721.26679,51080.05989
10-08-2020,1707.501367,55067.89205
11-08-2020,1689.866437,53286.93931
12-08-2020,1688.679637,54384.17369
13-08-2020,1689.473561,52471.70301
14-08-2020,1690.976523,53805.46243
17-08-2020,1676.702885,56303.15076
18-08-2020,1658.250912,54216.93107
19-08-2020,1656.335429,55042.66336
20-08-2020,1656.485166,52897.24664
21-08-2020,1657.423215,54040.6067
22-08-2020,1658.329642,53095.07712
24-08-2020,1641.862657,56248.33817
25-08-2020,1623.091622,54162.77637
26-08-2020,1620.89822,55036.94879
27-08-2020,1620.802949,52985.6438
28-08-2020,1621.521039,54265.67029
29-08-2020,1622.225271,53495.30896
01-09-2020,1586.426483,55267.05681
02-09-2020,1584.046022,56414.83921
03-09-2020,1583.758561,54645.27625
04-09-2020,1584.277888,56208.09188
05-09-2020,1584.776347,55714.52569
07-09-2020,1567.503092,59821.98004
08-09-2020,1548.326589,58214.41645
09-09-2020,1545.723972,59551.2022
10-09-2020,1545.215819,57935.68577
11-09-2020,1546.924404,59511.13263
12-09-2020,1548.618747,58989.02297
14-09-2020,1533.76551,62910.49139
15-09-2020,1515.816006,61145.41783
16-09-2020,1514.45249,62283.35846
17-09-2020,1515.195144,60430.14452
18-09-2020,1516.759169,61835.28384
19-09-2020,1518.317373,61111.56012
21-09-2020,1503.20512,64555.7981
22-09-2020,1485.12519,62526.26536
23-09-2020,1483.624887,63390.44829
24-09-2020,1484.219845,61260.2546
25-09-2020,1485.620818,62391.17618
26-09-2020,1486.99653,61401.72982
28-09-2020,1471.448171,64360.79631
29-09-2020,1453.110832,62120.7394
30-09-2020,1451.326648,62800.5183
01-10-2020,1451.613174,60514.56524
03-10-2020,1453.716918,60436.02167
05-10-2020,1437.471939,63297.03657
06-10-2020,1418.805142,61050.2805
07-10-2020,1416.723405,61748.09071
08-10-2020,1416.761467,59501.38711
09-10-2020,1417.653045,60563.1891
10-10-2020,1418.593595,59548.15629
12-10-2020,1402.522008,62565.16649
13-10-2020,1384.166474,60395.42455
14-10-2020,1382.577089,61163.05471
15-10-2020,1383.311631,58974.41971
16-10-2020,1385.125832,60078.43358
17-10-2020,1387.235583,59086.23358
19-10-2020,1374.312783,62080.26794
20-10-2020,1357.965057,59861.52086
21-10-2020,1358.68556,60554.49488
22-10-2020,1362.037041,58266.23791
23-10-2020,1366.775883,59247.28071
24-10-2020,1372.114056,58111.27723
26-10-2020,1366.519962,60769.40217
27-10-2020,1354.240732,58367.43998
28-10-2020,1359.270063,58873.91749
29-10-2020,1367.14322,56401.57069
30-10-2020,1376.584918,57206.85021
31-10-2020,1386.771674,55909.39762
02-11-2020,1391.15413,58310.84556
03-11-2020,1383.917714,55824.4582
04-11-2020,1393.966572,56282.11129
05-11-2020,1406.790126,53800.40819
06-11-2020,1421.067243,54638.8127
07-11-2020,1435.92933,53419.02142
09-11-2020,1449.009863,56112.37358
10-11-2020,1445.716213,53838.95553
11-11-2020,1459.389099,54551.54154
12-11-2020,1475.486977,52363.33094
13-11-2020,1492.662313,53529.35347
16-11-2020,1526.855168,56132.69637
17-11-2020,1524.794599,54261.95235
18-11-2020,1539.271525,55377.52216
19-11-2020,1555.750318,53584.55607
20-11-2020,1571.668761,55130.02715
21-11-2020,1587.37876,54622.34812
23-11-2020,1599.802221,58699.89022
24-11-2020,1595.040618,57070.86993
25-11-2020,1606.525139,58378.17894
26-11-2020,1619.753455,56722.51322
27-11-2020,1633.424051,58347.48095
28-11-2020,1646.698732,57859.33356
30-11-2020,1653.832375,61793.59656
01-12-2020,1646.286052,60003.71667
02-12-2020,1654.936705,61094.07182
03-12-2020,1665.312367,59169.38645
04-12-2020,1676.139165,60478.38989
05-12-2020,1686.603417,59633.43529
07-12-2020,1688.296971,62760.03841
08-12-2020,1678.152016,60535.10831
09-12-2020,1684.299275,61180.8248
10-12-2020,1692.272734,58810.57001
11-12-2020,1700.800782,59681.6935
12-12-2020,1709.068523,58414.94212
14-12-2020,1706.655234,60777.55612
15-12-2020,1694.582927,58224.49827
16-12-2020,1698.871868,58586.00126
17-12-2020,1705.042719,55980.23044
18-12-2020,1711.809491,56668.2243
19-12-2020,1718.342339,55273.2546
21-12-2020,1712.478764,57548.21732
22-12-2020,1698.662706,55034.71093
23-12-2020,1701.178428,55488.69807
24-12-2020,1705.535758,53024.95941
26-12-2020,1715.054103,52732.19555
28-12-2020,1705.171261,55555.84232
29-12-2020,1689.253595,53350.11764
30-12-2020,1689.610083,54124.31345
31-12-2020,1691.756455,51985.59935
01-01-2021,1694.406098,53183.0388
02-01-2021,1696.732913,52327.22652
04-01-2021,1682.226928,55717.15803
05-01-2021,1664.002754,53753.21308
06-01-2021,1662.077332,54734.54735
07-01-2021,1661.983084,52764.07678
08-01-2021,1662.450232,54087.54471
09-01-2021,1662.669267,53313.21436
11-01-2021,1644.234647,56728.2556
12-01-2021,1624.218115,54708.39071
13-01-2021,1620.631364,55590.11278
15-01-2021,1618.111961,54624.19697
16-01-2021,1617.112857,53638.28319
19-01-2021,1575.941997,54250.00828
20-01-2021,1571.750608,54840.24763
21-01-2021,1576.074868,52463.34105
22-01-2021,1581.23732,53344.05001
23-01-2021,1586.420152,52100.93895
25-01-2021,1578.661037,54543.23491
27-01-2021,1566.588188,52456.96196
28-01-2021,1570.990074,49906.63587
29-01-2021,1576.225133,50648.38363
30-01-2021,1581.452025,49302.9527
01-02-2021,1573.601391,51655.22943
02-02-2021,1559.074712,49165.5802
03-02-2021,1561.046486,49631.45918
04-02-2021,1565.008397,47166.50873
05-02-2021,1569.646101,48026.60732
06-02-2021,1574.102334,46829.35296
08-02-2021,1564.139571,49552.11038
09-02-2021,1548.253187,47275.97555
10-02-2021,1548.655961,47967.80525
11-02-2021,1550.838677,45736.1675
12-02-2021,1553.489658,46831.77821
13-02-2021,1555.757972,45867.08742
15-02-2021,1540.859548,49026.20702
16-02-2021,1522.256449,46944.53207
17-02-2021,1519.803174,47809.37077
18-02-2021,1519.01464,45725.6233
19-02-2021,1518.606395,46940.86693
20-02-2021,1517.757535,46064.99839
22-02-2021,1496.583004,49302.30248
23-02-2021,1474.891789,47208.15691
24-02-2021,1469.433179,48026.07998
25-02-2021,1465.76017,45861.7861
26-02-2021,1462.626503,46964.34572
27-02-2021,1459.249022,45945.80222
01-03-2021,1433.752852,48819.41068
02-03-2021,1410.336537,46511.42998
03-03-2021,1403.484279,47099.77801
04-03-2021,1398.775701,44694.85006
05-03-2021,1394.987245,45550.69848
06-03-2021,1391.354016,44284.56603
08-03-2021,1366.591674,46681.71905
09-03-2021,1344.175494,44155.55526
10-03-2021,1338.742949,44546.02469
11-03-2021,1335.864243,41968.45532
12-03-2021,1334.300287,42681.50644
13-03-2021,1333.264568,41306.61682
15-03-2021,1314.700199,43602.63228
16-03-2021,1295.812395,41089.73975
17-03-2021,1294.137816,41538.70119
19-03-2021,1297.703034,39930.41977
20-03-2021,1300.809844,38753.12203
22-03-2021,1290.520091,41576.87777
23-03-2021,1275.645152,39389.18172
24-03-2021,1277.820752,40199.63764
25-03-2021,1280.740666,38138.12817
26-03-2021,1284.826863,39440.8136
27-03-2021,1289.184128,38723.05824
29-03-2021,1280.208812,42505.04757
30-03-2021,1265.314128,40802.65105
31-03-2021,1266.972921,42093.17517
03-04-2021,1278.892302,41900.58248
05-04-2021,1267.535931,46384.07846
07-04-2021,1249.793389,46492.68491
08-04-2021,1250.454069,45060.8581
09-04-2021,1251.297431,46914.90305
12-04-2021,1231.466444,51071.69136
13-04-2021,1209.88141,49522.5247
16-04-2021,1195.756702,50706.02528
17-04-2021,1190.993297,50085.16788
19-04-2021,1161.553551,53625.38899
21-04-2021,1125.813011,52393.63068
22-04-2021,1117.822962,50164.61766
23-04-2021,1110.41128,51151.34182
26-04-2021,1069.312631,52413.51349
28-04-2021,1031.72784,50161.23136
29-04-2021,1023.689752,47469.43066
30-04-2021,1016.81556,48033.58502
01-05-2021,1010.352983,46477.14199
07-05-2021,941.8367543,43428.5128
26-06-2021,989.6345973,36975.81452
28-06-2021,987.4148905,40190.72777
29-06-2021,975.9363781,38130.5214
30-06-2021,981.1624081,39019.00348
01-07-2021,988.6244118,36966.41518
02-07-2021,997.0482927,38225.9974
05-07-2021,1005.013068,40859.38211
06-07-2021,994.4466076,38922.59331
07-07-2021,1000.640821,39941.29083
08-07-2021,1009.115619,38026.91375
09-07-2021,1018.58425,39433.88237
10-07-2021,1028.215907,38779.09328
12-07-2021,1029.734538,42574.44797
13-07-2021,1020.196801,40830.60173
14-07-2021,1027.377147,42054.49557
15-07-2021,1036.779815,40357.16172
16-07-2021,1047.102719,41992.15713
17-07-2021,1057.500323,41575.03276
19-07-2021,1060.231627,45866.78738
20-07-2021,1051.116617,44376.55553
22-07-2021,1068.129739,44405.11194
23-07-2021,1078.446385,46280.9856
24-07-2021,1088.684593,46092.56082
26-07-2021,1090.634335,50788.10402
27-07-2021,1080.901234,49464.46183
28-07-2021,1087.605344,51079.06008
29-07-2021,1096.250687,49735.62431
30-07-2021,1105.539001,51680.51588
31-07-2021,1114.632572,51522.38807
02-08-2021,1111.347839,56154.48178
03-08-2021,1098.879925,54734.96395
04-08-2021,1102.792324,56210.84076
05-08-2021,1108.60581,54686.83965
06-08-2021,1115.038985,56411.19096
09-08-2021,1114.956253,60015.01551
10-08-2021,1101.024724,58250.28988
11-08-2021,1103.525207,59362.24243
12-08-2021,1107.989691,57461.72485
13-08-2021,1113.14625,58803.46027
14-08-2021,1118.18142,58005.5518
16-08-2021,1109.734292,61290.33981
17-08-2021,1094.872234,59185.90818
18-08-2021,1096.533161,59984.98412
20-08-2021,1104.738864,58902.78836
24-08-2021,1084.5468,58757.94018
25-08-2021,1085.877072,59545.52127
26-08-2021,1089.303663,57401.23431
28-08-2021,1097.768353,57710.02685
31-08-2021,1072.539798,59161.61717
02-09-2021,1076.926251,58329.08005
03-09-2021,1080.974727,59791.14216
04-09-2021,1085.003168,59201.43588
06-09-2021,1074.790422,63134.31311
07-09-2021,1059.143372,61449.86137
08-09-2021,1060.06897,62717.43524
09-09-2021,1063.087325,61040.70437
10-09-2021,1066.914495,62665.92518
11-09-2021,1070.725081,62201.63875
13-09-2021,1060.096982,66261.65468
15-09-2021,1045.000372,65799.77613
16-09-2021,1047.848966,64037.20429
18-09-2021,1055.181824,64910.93723
21-09-2021,1028.315078,66624.95737
23-09-2021,1031.643126,65552.73264
25-09-2021,1038.672629,65874.26579
26-09-2021,1063.40602,73215.82676
28-09-2021,1011.205009,66825.75064
30-09-2021,1014.004988,65345.76179
01-10-2021,1017.227157,66405.7311
04-10-2021,1008.442673,68316.99183
05-10-2021,991.9010352,66107.33634
06-10-2021,991.9295693,66839.77602
07-10-2021,994.0589588,64626.14904
09-10-2021,999.9997971,64738.22421
11-10-2021,987.909177,67825.62588
12-10-2021,971.48555,65695.11415
14-10-2021,974.3580257,64364.04837
16-10-2021,981.8062991,64584.06602
19-10-2021,957.4073272,65557.92796
21-10-2021,964.4470839,64115.99594
22-10-2021,970.5900735,65178.18882
23-10-2021,977.283199,64125.18219
26-10-2021,963.2244528,64631.1814
28-10-2021,978.5199995,62821.50442
29-10-2021,989.1342647,63698.45712
01-11-2021,1007.221761,64980.25017
02-11-2021,1001.186312,62538.22907
03-11-2021,1001.674913,63031.95399
05-11-2021,1009.771335,61435.21312
06-11-2021,1015.204322,60226.07304
08-11-2021,1009.605351,62917.45911
09-11-2021,997.0720738,60632.82739
10-11-2021,1001.577798,61328.62551
11-11-2021,1008.584065,59119.19249
12-11-2021,1016.745414,60260.83338
13-11-2021,1025.172856,59371.24899
15-11-2021,1024.367292,62786.25381
16-11-2021,1013.603393,60892.91658
17-11-2021,1019.449747,61990.07342
18-11-2021,1027.366969,60184.29655
19-11-2021,1036.014169,61723.87554
20-11-2021,1044.51223,61218.4315
22-11-2021,1042.666422,65328.81136
23-11-2021,1030.834892,63731.91098
24-11-2021,1035.283853,65082.46337
25-11-2021,1041.504312,63481.37043
26-11-2021,1048.188177,65172.20893
27-11-2021,1054.490867,64760.96104
29-11-2021,1047.700906,68879.87883
30-11-2021,1033.192171,67196.09884
01-12-2021,1034.873718,68400.30795
02-12-2021,1038.269653,66595.95183
03-12-2021,1042.102856,68030.34799
04-12-2021,1045.557107,67314.33609
06-12-2021,1033.174891,70703.11606
07-12-2021,1015.962652,68608.19448
08-12-2021,1015.023132,69381.08945
09-12-2021,1015.891159,67133.68286
10-12-2021,1017.296507,68121.92941
11-12-2021,1018.426128,66965.31625
13-12-2021,1001.699565,69523.04533
14-12-2021,982.4573637,67053.34057
15-12-2021,979.571324,67487.99613
16-12-2021,978.5649701,64944.9082
17-12-2021,978.1550988,65685.07438
18-12-2021,977.5144979,64331.95187
20-12-2021,957.3228882,66661.46069
21-12-2021,936.3560639,64162.06937
22-12-2021,931.7317456,64622.64201
23-12-2021,928.9606257,62159.08064
24-12-2021,926.7482223,63029.26647
27-12-2021,900.1988108,64652.58836
28-12-2021,877.2069073,62434.96423
29-12-2021,870.496021,63199.03473
30-12-2021,865.5796156,61053.28645
31-12-2021,861.1685001,62248.0074
01-01-2022,856.433752,61394.89918
03-01-2022,827.7900925,64810.21588
04-01-2022,802.4835401,62870.39574
05-01-2022,811.6367375,63884.13928
06-01-2022,822.6049119,61954.62349
07-01-2022,834.1154633,63327.66053
08-01-2022,845.3563066,62611.39246
10-01-2022,848.8918117,66166.64612
11-01-2022,839.8201998,64227.81648
12-01-2022,847.1500656,65196.86824
13-01-2022,856.4231452,63178.45112
15-01-2022,876.2084819,63535.30069
17-01-2022,877.3860763,66653.45647
18-01-2022,867.3699695,64456.76997
19-01-2022,873.909639,65149.24557
20-01-2022,882.5418484,62841.55627
21-01-2022,891.9966846,63788.1136
22-01-2022,901.4599126,62606.55487
24-01-2022,902.2412935,65155.91115
25-01-2022,892.1643975,62697.90063
27-01-2022,907.3935439,60631.40367
28-01-2022,916.9236268,61396.35968
29-01-2022,926.4629115,60066.98961
31-01-2022,927.3048679,62430.81507
01-02-2022,917.1655143,59937.43226
02-02-2022,923.5561128,60393.96651
03-02-2022,931.9709078,57914.74249
04-02-2022,941.0976111,58756.412
05-02-2022,950.0804687,57537.42034
07-02-2022,949.2868617,60210.42832
08-02-2022,938.0429375,57908.17993
09-02-2022,943.1256084,58574.34681
10-02-2022,950.0239486,56318.43443
11-02-2022,957.423896,57392.05845
12-02-2022,964.4714641,56408.514
14-02-2022,959.2069986,59542.34008
15-02-2022,945.4493924,57455.5091
16-02-2022,947.8535683,58320.86962
17-02-2022,951.9285562,56243.69213
18-02-2022,956.383618,57471.80206
21-02-2022,948.8817071,59910.191
22-02-2022,931.9849907,57854.03489
23-02-2022,931.2862381,58715.58224
24-02-2022,932.3316438,56600.05093
25-02-2022,933.8684294,57755.90835
26-02-2022,935.1073029,56794.49838
27-02-2022,957.3437787,64077.07235
28-02-2022,918.6596021,59790.67206
01-03-2022,899.6660359,57546.3533
02-03-2022,897.1638922,58198.68904
03-03-2022,896.7301472,55857.09237
04-03-2022,897.1395537,56774.62379
05-03-2022,898.3115837,55514.34851
07-03-2022,882.9295813,57911.51696
08-03-2022,865.0926317,55377.73046
09-03-2022,864.169999,55754.41454
10-03-2022,865.736753,53156.19693
11-03-2022,868.5597423,53841.13856
12-03-2022,871.8594046,52430.1941
14-03-2022,861.8435017,54628.96164
15-03-2022,847.1869902,52054.56686
16-03-2022,849.7283138,52433.47425
17-03-2022,854.9999926,49882.31192
18-03-2022,861.7217062,50660.41806
19-03-2022,869.0626919,49389.2629
21-03-2022,867.3363982,52005.58657
22-03-2022,856.812057,49706.00001
23-03-2022,863.3976065,50400.43322
24-03-2022,872.5656886,48202.0712
25-03-2022,882.9770331,49366.08008
26-03-2022,893.7438009,48509.08141
28-03-2022,897.86419,52016.10546
29-03-2022,889.6642658,50180.62964
30-03-2022,898.119103,51342.74831
31-03-2022,908.6669641,49608.62097
01-04-2022,919.9410038,51226.26279
02-04-2022,931.0331626,50805.13802
04-04-2022,934.1508078,55102.70557
05-04-2022,924.6223819,53608.65466
06-04-2022,931.2109057,55068.1896
07-04-2022,939.3751638,53582.09736
08-04-2022,947.7768332,55393.71527
09-04-2022,955.5440046,55108.61795
11-04-2022,950.8334251,59493.24954
12-04-2022,936.9070694,57947.05377
13-04-2022,938.8540805,59290.21678
16-04-2022,948.4595018,58610.89468
18-04-2022,933.9534251,62239.08276
19-04-2022,915.3449871,60246.21009
20-04-2022,912.8429435,61105.39141
21-04-2022,912.0334806,58925.42641
22-04-2022,911.7043367,59959.19594
23-04-2022,911.1064075,58823.19246
25-04-2022,891.2266768,61336.25516
26-04-2022,870.7094304,58796.33549
27-04-2022,866.8544789,59126.1238
28-04-2022,865.2661465,56441.98437
29-04-2022,864.7422878,57003.86251
30-04-2022,864.5358894,55434.68794
02-05-2022,847.1671131,57219.5105
04-05-2022,827.4844142,54492.95716
05-05-2022,822.2290867,51600.42758
06-05-2022,818.4844858,52012.83744
07-05-2022,815.4598382,50352.9266
09-05-2022,793.4683818,52126.60079
10-05-2022,773.1284479,49374.63985
11-05-2022,770.1668225,49596.71623
12-05-2022,770.0996672,46906.378
13-05-2022,771.6316236,47559.06532
14-05-2022,773.9189674,46171.63667
16-05-2022,762.4564094,48561.59141
17-05-2022,747.2398327,46140.3089
18-05-2022,749.2509998,46699.30803
19-05-2022,753.9687627,44345.73038
20-05-2022,760.0649132,45328.90869
21-05-2022,766.6675638,44260.0117
23-05-2022,763.0004374,47231.10439
24-05-2022,751.2318267,45064.0182
25-05-2022,756.377582,45848.56636
26-05-2022,763.9120549,43689.56353
27-05-2022,772.5067619,44834.81944
28-05-2022,781.2934487,43894.78272
30-05-2022,781.0827302,47024.94021
31-05-2022,770.6099283,44890.36472
01-06-2022,776.783013,45678.69487
02-06-2022,785.09366,43497.4045
03-06-2022,794.2322005,44597.41022
04-06-2022,803.3502887,43592.61602
06-06-2022,803.247973,46549.67629
07-06-2022,792.5942581,44314.4749
08-06-2022,798.4575891,44997.89518
09-06-2022,806.3500857,42711.0618
10-06-2022,814.9818974,43708.29914
11-06-2022,823.5237187,42606.60244
13-06-2022,822.1318521,45397.88859
14-06-2022,810.7981502,43097.94176
15-06-2022,815.9784678,43730.68723
16-06-2022,823.1989251,41408.14209
17-06-2022,831.1826094,42385.06515
18-06-2022,839.1121068,41278.45617
20-06-2022,836.6454754,44104.24496
21-06-2022,824.8680865,41841.98791
22-06-2022,829.6780609,42524.5014
23-06-2022,836.6084727,40262.44788
24-06-2022,844.3883923,41309.1626
25-06-2022,852.2053992,40280.22391
27-06-2022,849.8024498,43279.71498
28-06-2022,838.2059596,41111.23603
29-06-2022,843.2974913,41890.99634
30-06-2022,850.6095217,39729.11623
01-07-2022,858.869288,40878.67121
02-07-2022,867.2612198,39955.26927
04-07-2022,866.2739566,43175.43588
05-07-2022,855.5050758,41123.47649
06-07-2022,861.4929695,42025.13747
07-07-2022,869.7601843,39991.66189
08-07-2022,879.022736,41277.31661
09-07-2022,888.4526723,40498.90047
11-07-2022,889.5925373,44040.01853
12-07-2022,879.883504,42165.74337
13-07-2022,886.9083069,43257.26984
14-07-2022,896.173778,41425.94822
15-07-2022,906.380221,42925.747
16-07-2022,916.6842386,42372.71876
18-07-2022,919.3040258,46392.95855
19-07-2022,910.1737293,44768.4956
20-07-2022,917.6537763,46113.25307
21-07-2022,927.2409035,44535.4611
22-07-2022,937.6271102,46285.57777
23-07-2022,947.9626689,45975.81982
25-07-2022,950.1862628,50444.97232
26-07-2022,940.6265599,49017.62079
27-07-2022,947.5257114,50535.58875
28-07-2022,956.385342,49103.03177
29-07-2022,965.9045313,50966.6123
30-07-2022,975.2426974,50735.14222
01-08-2022,975.1262127,55244.308
02-08-2022,964.2506896,53774.74053
03-08-2022,969.756848,55207.59355
04-08-2022,977.1624571,53646.95989
05-08-2022,985.183267,55340.28818
06-08-2022,992.9955623,54898.04257
08-08-2022,989.8113357,58874.98019
09-08-2022,977.4257276,57091.44857
10-08-2022,981.4572883,58184.67444
11-08-2022,987.4369405,56264.23876
12-08-2022,994.0920614,57583.60205
13-08-2022,1000.608856,56759.64165
16-08-2022,981.6447782,57828.64993
17-08-2022,984.7229756,58576.40527
18-08-2022,989.8404382,56335.8356
19-08-2022,995.7230857,57366.1698
20-08-2022,1001.554019,56289.43393
22-08-2022,994.8883304,59126.50544
23-08-2022,981.0002992,56857.33017
24-08-2022,983.6820527,57532.41937
25-08-2022,988.4567427,55268.15255
26-08-2022,994.05871,56323.23462
27-08-2022,999.645958,55318.10276
29-08-2022,992.5720621,58427.49243
30-08-2022,978.504981,56350.94887
31-08-2022,981.0159754,57249.547
01-09-2022,985.6230467,55233.7265
02-09-2022,991.0396517,56555.72816
03-09-2022,996.4375202,55829.15405
05-09-2022,988.9659907,59502.35911
06-09-2022,974.6897554,57697.0329
07-09-2022,976.9855874,58850.73995
09-09-2022,986.5677608,58594.56333
10-09-2022,991.7438747,58040.02078
12-09-2022,983.8398089,61943.56373
13-09-2022,969.3577832,60191.30579
14-09-2022,971.4575998,61354.89015
15-09-2022,975.6602851,59538.51248
16-09-2022,980.6821863,60989.80531
17-09-2022,985.6975133,60319.48955
19-09-2022,977.5038134,63883.46176
20-09-2022,962.8888416,61915.71618
21-09-2022,964.8596261,62839.98438
22-09-2022,968.9333985,60766.05988
23-09-2022,973.8222582,61947.48528
24-09-2022,978.6959114,61001.04323
26-09-2022,970.1750815,64018.01558
27-09-2022,955.3665599,61790.82501
28-09-2022,957.1195347,62471.94703
29-09-2022,960.9493061,60175.65159
30-09-2022,965.5673939,61159.24296
01-10-2022,970.1445336,60042.45889
03-10-2022,960.9669622,62808.62367
04-10-2022,945.8101986,60502.35299
06-10-2022,950.7035518,58818.18654
07-10-2022,955.0061149,59807.84182
08-10-2022,959.3079733,58720.17659
10-10-2022,949.7750399,61597.94329
11-10-2022,934.5796186,59365.09068
12-10-2022,936.0666013,60076.01562
13-10-2022,939.7862841,57838.35321
14-10-2022,944.4877309,58902.01792
15-10-2022,949.3811765,57878.84161
17-10-2022,941.698606,60840.14968
18-10-2022,927.8027,58619.33363
19-10-2022,930.8623007,59318.97185
20-10-2022,936.4418758,57045.09361
21-10-2022,943.3012922,58046.90076
22-10-2022,950.657793,56936.4411
25-10-2022,938.3049846,57278.61123
26-10-2022,931.4079317,57868.13881
27-10-2022,927.3039281,55473.10655
28-10-2022,924.732173,56347.77
29-10-2022,922.8846364,55109.69038
31-10-2022,903.2012218,57592.4643
01-11-2022,883.9667816,55124.96938
02-11-2022,882.063341,55585.47953
03-11-2022,882.9968077,53089.90532
04-11-2022,885.4619236,53897.41182
05-11-2022,888.6050975,52629.80911
07-11-2022,878.5812316,55179.34802
08-11-2022,863.9255959,52812.23111
09-11-2022,866.3762085,53418.77267
10-11-2022,871.3989042,51114.24808
11-11-2022,877.6515548,52156.06422
12-11-2022,884.2475002,51163.16579
14-11-2022,880.0147085,54366.59435
15-11-2022,867.6545808,52367.93308
16-11-2022,871.9809601,53362.08562
17-11-2022,878.4517769,51457.11816
18-11-2022,885.7225853,52902.76094
19-11-2022,892.9099345,52309.9883
21-11-2022,888.6190743,56270.31775
22-11-2022,875.6415545,54612.68719
23-11-2022,878.9871474,55913.05155
24-11-2022,884.1402709,54272.80609
25-11-2022,889.7861667,55935.79209
26-11-2022,895.0736424,55508.01992
28-11-2022,886.2960353,59626.79905
29-11-2022,870.8029487,57958.29001
30-11-2022,871.4992569,59186.89251
01-12-2022,873.9043449,57414.97932
02-12-2022,876.7369983,58888.62703
03-12-2022,879.1775781,58217.29392
05-12-2022,864.7185069,61705.67199
06-12-2022,846.4398071,59662.49265
07-12-2022,844.4141295,60486.27342
08-12-2022,844.1763847,58287.31034
09-12-2022,844.4570454,59320.03653
10-12-2022,844.4443176,58202.51502
12-12-2022,825.3874389,60817.23449
13-12-2022,804.9618769,58363.32652
14-12-2022,800.8838516,58804.23019
15-12-2022,798.6797106,56257.29253
16-12-2022,797.0691152,56983.18523
17-12-2022,795.2276672,55605.26751
19-12-2022,772.6444913,57854.35961
20-12-2022,750.4915839,55300.25964
21-12-2022,744.690198,55697.40177
22-12-2022,740.752448,53162.62191
23-12-2022,764.2139925,53954.88836
24-12-2022,787.4095734,52694.7176
26-12-2022,814.7576301,55316.84584
27-12-2022,817.4856295,53007.46553
28-12-2022,836.5038274,53679.82047
29-12-2022,857.3238821,51443.79031
30-12-2022,878.6544211,52550.99887
31-12-2022,899.6640169,51614.39791
02-01-2023,922.5058401,54879.20738
03-01-2023,922.9343651,52874.22626
04-01-2023,939.6391601,53830.50013
05-01-2023,958.1465111,51851.70399
06-01-2023,977.1807795,53183.95895
07-01-2023,995.9270055,52435.52389
09-01-2023,1014.407992,55951.80697
10-01-2023,1012.77213,54005.47847
11-01-2023,1027.510819,54974.27835
12-01-2023,1044.164635,52962.11088
13-01-2023,1061.470695,54216.32643
16-01-2023,1094.363475,56508.22191
17-01-2023,1091.587481,54335.43531
18-01-2023,1105.342648,55051.967
19-01-2023,1121.168052,52767.34796
20-01-2023,1137.796527,53734.8893
21-01-2023,1154.416986,52571.1922
23-01-2023,1169.477892,55143.20266
24-01-2023,1166.531119,52688.40754
25-01-2023,1180.20579,53138.81435
27-01-2023,1212.692775,51357.35068
28-01-2023,1229.384668,50004.0672
30-01-2023,1244.5849,52298.70148
31-01-2023,1241.659059,49760.47507
01-02-2023,1255.290842,50165.85325
02-02-2023,1270.977607,47629.70753
03-02-2023,1287.409744,48409.34675
04-02-2023,1303.733687,47123.96833
06-02-2023,1317.735222,49654.51573
07-02-2023,1313.94687,47278.01727
08-02-2023,1326.523733,47869.18739
09-02-2023,1340.954023,45538.49083
10-02-2023,1355.922139,46538.48734
11-02-2023,1370.571877,45483.38286
13-02-2023,1380.60155,48483.66594
14-02-2023,1374.528206,46336.35842
15-02-2023,1384.635298,47146.29537
16-02-2023,1396.426561,45019.26115
17-02-2023,1408.60548,46203.48119
18-02-2023,1420.338352,45309.2532
20-02-2023,1424.257086,48548.16308
21-02-2023,1415.049642,46473.51053
22-02-2023,1413.290472,47321.35791
23-02-2023,1413.242548,45197.86793
24-02-2023,1413.646241,46351.03944
25-02-2023,1413.705657,45391.63902
27-02-2023,1394.73545,48403.12464
28-02-2023,1374.387868,46170.50454
01-03-2023,1370.46362,46836.0536
02-03-2023,1368.53594,44508.2381
03-03-2023,1367.376704,45439.14136
04-03-2023,1366.218416,44244.03057
06-03-2023,1345.943203,46763.395
07-03-2023,1325.544731,44284.74092
08-03-2023,1321.986729,44711.39237
09-03-2023,1320.847751,42157.16891
10-03-2023,1320.899238,42879.40782
11-03-2023,1321.367301,41498.43873
13-03-2023,1305.535681,43733.25882
14-03-2023,1287.911246,41164.2907
15-03-2023,1287.456745,41540.01871
16-03-2023,1289.71464,38977.09589
17-03-2023,1293.415061,39735.03334
18-03-2023,1297.738052,38435.62283
20-03-2023,1290.029727,40973.19278
21-03-2023,1276.563287,38624.46648
22-03-2023,1280.253568,39264.37463
23-03-2023,1286.583304,37007.0916
24-03-2023,1294.222662,38108.87419
27-03-2023,1301.273146,40564.4665
28-03-2023,1290.642385,38665.87825
29-03-2023,1296.764756,39767.9314
30-03-2023,1305.081038,37978.09133
31-03-2023,1314.225414,39545.63879
01-04-2023,1323.289327,39081.24076
03-04-2023,1322.645065,43317.0904
04-04-2023,1311.374372,41806.49318
05-04-2023,1316.304939,43260.06228
06-04-2023,1322.887755,41779.16925
10-04-2023,1328.589818,47828.27058
11-04-2023,1313.310126,46345.58423
12-04-2023,1313.913281,47763.09352
13-04-2023,1315.909578,46181.83596
17-04-2023,1301.987703,51215.81962
18-04-2023,1281.828242,49342.04874
19-04-2023,1277.701314,50323.23913
20-04-2023,1275.184248,48266.68707
22-04-2023,1270.564563,48409.41442
24-04-2023,1246.587236,51155.08615
25-04-2023,1223.861576,48723.37821
26-04-2023,1217.690627,49154.33575
27-04-2023,1213.679666,46563.2514
28-04-2023,1205.940082,47209.15314
29-04-2023,1198.417409,45714.2234
01-05-2023,1166.135452,47616.13053
02-05-2023,1140.11985,44832.21426
03-05-2023,1131.211108,44963.27236
04-05-2023,1124.988704,42127.79314
05-05-2023,1120.220753,42586.97914
06-05-2023,1116.126201,40964.13894
08-05-2023,1091.895218,42785.8909
09-05-2023,1070.405691,40046.79631
10-05-2023,1066.287673,40275.70859
11-05-2023,1065.066729,37587.33719
12-05-2023,1065.456421,38238.33147
13-05-2023,1066.621354,36846.7807
15-05-2023,1053.003338,39226.0794
16-05-2023,1036.766643,36800.60168
17-05-2023,1037.803301,37357.60736
18-05-2023,1041.596456,35005.20716
19-05-2023,1046.821293,35993.58893
20-05-2023,1052.608428,34934.64819
22-05-2023,1047.483374,37942.11474
23-05-2023,1035.073184,35802.17712
24-05-2023,1039.634928,36620.08464
25-05-2023,1046.641609,34500.64459
26-05-2023,1054.762811,35691.51905
27-05-2023,1063.127847,34802.8789
29-05-2023,1062.217599,38051.48117
30-05-2023,1051.460237,35982.87469
31-05-2023,1057.387403,36840.82925
01-06-2023,1065.486976,34732.12363
02-06-2023,1074.445429,35906.95251
03-06-2023,1083.410553,34978.49075
05-06-2023,1083.068492,38089.90406
06-06-2023,1072.320655,35931.3934
07-06-2023,1078.102367,36690.38407
08-06-2023,1085.92246,34477.48959
09-06-2023,1094.487976,35546.60343
10-06-2023,1102.966699,34514.37632
12-06-2023,1101.447556,37436.45118
13-06-2023,1090.044833,35197.58089
14-06-2023,1095.149628,35888.5031
15-06-2023,1102.28611,33621.3142
16-06-2023,1110.175589,34650.91725
17-06-2023,1117.999051,33594.50989
19-06-2023,1115.279291,36514.2496
20-06-2023,1103.352449,34296.28812
21-06-2023,1107.996421,35021.68386
22-06-2023,1114.743534,32801.36612
24-06-2023,1129.919913,32900.10572
26-06-2023,1153.065303,35978.36265
27-06-2023,1154.21575,33848.68415
28-06-2023,1172.03664,34666.87466
30-06-2023,1213.017818,33730.02122
01-07-2023,1234.092057,32843.39708
03-07-2023,1258.432258,36134.24754
04-07-2023,1260.312315,34115.73572
05-07-2023,1278.942183,35049.26187
06-07-2023,1299.846837,33045.83954
07-07-2023,1321.744893,34359.53109
08-07-2023,1343.811135,33606.97001
10-07-2023,1370.237421,37192.86628
11-07-2023,1373.184301,35337.49339
12-07-2023,1392.877319,36445.71777
13-07-2023,1414.826085,34629.09082
14-07-2023,1437.733538,36141.87553
15-07-2023,1460.758726,35600.51284
17-07-2023,1488.889871,39642.12645
18-07-2023,1492.553276,38028.57852
19-07-2023,1512.854137,39385.32362
20-07-2023,1535.290032,37821.34901
21-07-2023,1558.55339,39587.90356
22-07-2023,1581.794488,39298.00985
24-07-2023,1609.912201,43820.34592
25-07-2023,1613.338968,42427.81447
26-07-2023,1633.248793,43986.98768
27-07-2023,1655.141294,42602.5892
29-07-2023,1700.121407,44353.59056
31-07-2023,1726.185331,49013.26909
01-08-2023,1728.414129,47630.8262
02-08-2023,1747.029857,49158.40224
03-08-2023,1767.547172,47699.65193
04-08-2023,1788.678792,49501.42768
05-08-2023,1809.598104,49173.44764
07-08-2023,1832.605962,53392.71473
08-08-2023,1833.300778,51735.13483
09-08-2023,1850.399764,52955.94819
10-08-2023,1869.432321,51163.49491
11-08-2023,1889.124671,52609.96723
12-08-2023,1908.662227,51910.97514
14-08-2023,1929.118755,55366.69359
16-08-2023,1944.691533,54182.49175
17-08-2023,1962.747914,52039.1948
18-08-2023,1981.555348,53158.63693
19-08-2023,2000.298232,52162.33039
21-08-2023,2019.42379,55133.11611
22-08-2023,2018.418172,52917.16672
23-08-2023,2033.97564,53636.68882
24-08-2023,2031.40476,51417.67344
25-08-2023,2029.640665,52510.32937
26-08-2023,2027.859439,51535.91319
28-08-2023,2006.045804,54690.16769
30-08-2023,1979.75175,53542.79827
31-08-2023,1976.991792,51540.10572
01-09-2023,1975.042954,52875.56169
02-09-2023,1973.076937,52164.07581
04-09-2023,1950.881413,55877.30275
05-09-2023,1929.244305,54099.15124
06-09-2023,1924.179362,55286.09628
07-09-2023,1921.205622,53543.14232
08-09-2023,1919.038117,55117.51907
09-09-2023,1916.850549,54618.35919
11-09-2023,1894.213077,58656.94661
12-09-2023,1872.360814,56984.20606
13-09-2023,1867.08793,58234.88876
14-09-2023,1863.915571,56512.65393
15-09-2023,1861.560367,58064.4364
16-09-2023,1859.196973,57500.11833
18-09-2023,1836.243488,61288.69512
19-09-2023,1814.248994,59437.40093
20-09-2023,1808.841662,60479.37643
21-09-2023,1805.539626,58523.27343
22-09-2023,1803.055863,59821.52215
23-09-2023,1800.560876,58989.85165
25-09-2023,1777.317174,62226.4533
26-09-2023,1755.155131,60102.54086
27-09-2023,1749.55988,60881.76941
28-09-2023,1746.046328,58678.00026
29-09-2023,1743.325223,59748.30193
30-09-2023,1740.566127,58712.35327
03-10-2023,1694.222626,59381.51069
04-10-2023,1688.281067,60073.9499
05-10-2023,1684.417124,57813.90686
06-10-2023,1681.352639,58857.07303
07-10-2023,1678.270562,57820.90069
09-10-2023,1653.902297,60799.37282
10-10-2023,1631.246767,58617.63701
11-10-2023,1625.239511,59381.41015
12-10-2023,1621.42657,57199.16523
13-10-2023,1618.552971,58321.55964
14-10-2023,1615.825234,57361.0495
16-10-2023,1592.749227,60461.28436
17-10-2023,1571.076123,58317.22044
18-10-2023,1566.30267,59098.5108
19-10-2023,1563.992622,56910.99428
20-10-2023,1561.639549,58046.24765
21-10-2023,1559.728055,57073.04678
23-10-2023,1539.199584,60072.11644
25-10-2023,1516.524574,58517.85567
26-10-2023,1516.54353,56208.04966
27-10-2023,1518.063358,57166.05463
28-10-2023,1520.282779,56008.30365
30-10-2023,1508.689189,58638.36474
31-10-2023,1493.493575,56235.84659
01-11-2023,1495.636004,56754.41586
02-11-2023,1500.630857,54309.30409
03-11-2023,1507.181301,55159.16534
04-11-2023,1514.441982,53925.4846
06-11-2023,1512.780883,56517.27449
07-11-2023,1502.38485,54158.86214
08-11-2023,1509.155697,54766.42759
09-11-2023,1518.564658,52455.94962
10-11-2023,1529.274129,53485.72696
11-11-2023,1540.401028,52475.76678
13-11-2023,1545.461847,55634.96818
14-11-2023,1537.866456,53611.89947
15-11-2023,1547.035859,54582.07557
16-11-2023,1558.426482,52655.0737
17-11-2023,1570.691421,54082.12593
18-11-2023,1582.943881,53475.66384
20-11-2023,1588.978874,57428.71857
21-11-2023,1581.251773,55779.89281
22-11-2023,1589.89834,57098.68545
23-11-2023,1600.39668,55487.25266
24-11-2023,1611.425484,57189.98457
25-11-2023,1622.126901,56813.21416
27-11-2023,1624.243869,61067.87674
28-11-2023,1614.218684,59483.71219
29-11-2023,1620.388686,60806.85062
30-11-2023,1628.26785,59138.83488
01-12-2023,1636.570095,60724.71455
02-12-2023,1644.471527,60172.74657
04-12-2023,1640.894268,63915.74049
05-12-2023,1628.031457,62004.79337
06-12-2023,1631.402808,62961.96966
07-12-2023,1636.542475,60895.94813
08-12-2023,1642.180853,62059.56534
09-12-2023,1647.506697,61069.34351
11-12-2023,1639.074519,63922.20307
12-12-2023,1623.938763,61576.62282
13-12-2023,1625.138588,62117.29054
14-12-2023,1628.202985,59660.7394
15-12-2023,1631.854412,60467.03742
16-12-2023,1641.195873,59159.16146
18-12-2023,1640.978783,61516.85391
19-12-2023,1630.014296,59001.68172
20-12-2023,1635.408009,59428.11257
21-12-2023,1642.673954,56913.69279
22-12-2023,1650.520155,57718.28257
23-12-2023,1658.111608,56463.44952
26-12-2023,1641.446476,56762.64214
27-12-2023,1644.906893,57425.14347
28-12-2023,1650.178736,55178.94659
29-12-2023,1655.968928,56277.07808
30-12-2023,1661.443948,55333.84253
01-01-2024,1653.223941,58597.70134
02-01-2024,1638.119578,56600.61231
03-01-2024,1639.286126,57571.5929
04-01-2024,1642.246728,55615.04149
05-01-2024,1645.722603,56977.62351
06-01-2024,1648.895723,56267.95451
08-01-2024,1636.174886,59887.5547
09-01-2024,1618.90517,58005.5366
10-01-2024,1617.985142,59046.61738
11-01-2024,1618.953675,57114.14193
12-01-2024,1620.546611,58454.75014
13-01-2024,1621.959091,57678.04039
16-01-2024,1587.523851,58968.04087
17-01-2024,1585.424626,59789.94353
18-01-2024,1585.370518,57611.14089
19-01-2024,1586.096557,58683.7953
20-01-2024,1586.794298,57623.39497
22-01-2024,1569.961495,60392.41303
23-01-2024,1551.050871,58029.47899
24-01-2024,1548.755582,58566.26641
25-01-2024,1548.600097,56116.86273
27-01-2024,1550.030184,55652.1711
29-01-2024,1533.342138,58058.77338
30-01-2024,1514.499198,55565.86484
31-01-2024,1512.237143,56009.73996
01-02-2024,1512.056902,53505.66081
02-02-2024,1512.652078,54311.45337
03-02-2024,1513.171899,53046.94591
05-02-2024,1495.672439,55606.39019
06-02-2024,1476.190219,53239.60771
07-02-2024,1473.111977,53838.55547
08-02-2024,1471.925894,51514.64989
09-02-2024,1471.315673,52521.41083
10-02-2024,1470.423741,51473.99386
12-02-2024,1449.47121,54496.05801
13-02-2024,1427.951231,52364.53033
14-02-2024,1437.15039,53118.78414
15-02-2024,1448.053616,50940.97452
16-02-2024,1459.359228,52079.86789
17-02-2024,1470.227862,51146.19116
19-02-2024,1472.42058,54324.95241
20-02-2024,1462.338168,52229.84309
21-02-2024,1468.410657,53064.89059
22-02-2024,1476.170231,50934.76294
23-02-2024,1484.350248,52087.13725
24-02-2024,1492.147919,51132.34007
26-02-2024,1488.513648,54166.92798
27-02-2024,1475.751507,51951.41084
28-02-2024,1479.350364,52636.69433
29-02-2024,1484.87876,50330.35802
01-03-2024,1491.104629,51283.5485
02-03-2024,1497.257371,50110.56184
04-03-2024,1491.374282,52669.72761
05-03-2024,1478.055584,50206.78579
06-03-2024,1481.500743,50645.0905
07-03-2024,1487.290385,48097.56876
08-03-2024,1494.199153,48820.73086
09-03-2024,1501.457476,47434.16029
11-03-2024,1499.027985,49635.70789
12-03-2024,1488.029301,47038.10328
13-03-2024,1494.161143,47376.76062
14-03-2024,1502.97509,44768.17766
15-03-2024,1513.211064,45471.85385
16-03-2024,1524.059448,44109.71668
18-03-2024,1529.414596,46497.72263
19-03-2024,1522.508257,44063.16721
20-03-2024,1532.79218,44610.78766
21-03-2024,1545.759782,42255.60177
22-03-2024,1560.09146,43254.82812
23-03-2024,1574.917607,42227.33105
25-03-2024,1587.637733,45385.92927
26-03-2024,1584.004691,43377.64505
27-03-2024,1597.218006,44371.39496
28-03-2024,1612.722746,42475.96849
30-03-2024,1645.610542,43381.31051
01-04-2024,1660.050996,47445.38339
02-04-2024,1656.469531,45861.44094
03-04-2024,1669.181499,47251.2932
04-04-2024,1683.631772,45717.09231
05-04-2024,1698.465539,47503.21421
06-04-2024,1712.792075,47215.92214
08-04-2024,1721.496834,51666.9735
09-04-2024,1714.379879,50188.89447
11-04-2024,1733.368225,50068.28195
12-04-2024,1749.243144,51699.93515
13-04-2024,1764.399032,51194.29714
15-04-2024,1774.393847,55023.95487
16-04-2024,1767.876099,53148.81793
17-04-2024,1777.329611,54133.36214
18-04-2024,1788.321512,52083.44101
20-04-2024,1810.469964,52243.25816
22-04-2024,1812.881229,55001.03452
23-04-2024,1803.195256,52569.83922
24-04-2024,1809.957279,52995.79439
25-04-2024,1818.771695,50392.95505
27-04-2024,1838.218868,49495.87947
29-04-2024,1840.241224,51311.48416
30-04-2024,1831.238213,48468.6642
01-05-2024,1839.257855,48529.9485
02-05-2024,1849.887434,45613.79391
03-05-2024,1861.903635,45981.56523
04-05-2024,1874.534589,44256.92061
06-05-2024,1883.617496,45846.16373
07-05-2024,1878.736316,42977.89012
08-05-2024,1891.207605,43070.2474
09-05-2024,1906.566757,40239.01071
10-05-2024,1923.536838,40741.9748
11-05-2024,1941.291505,39198.4286
13-05-2024,1960.914277,41266.75423
14-05-2024,1961.343532,38684.73495
15-05-2024,1979.08513,39086.0558
16-05-2024,1999.627622,36579.91439
17-05-2024,2021.650708,37417.49364
18-05-2024,2044.288623,36211.57415
20-05-2024,2073.03274,38939.45765
21-05-2024,2077.6438,36668.01671
22-05-2024,2099.285122,37360.43371
23-05-2024,2123.429187,35121.693
24-05-2024,2148.744388,36199.48554
25-05-2024,2174.358244,35203.8688
27-05-2024,2208.100388,38255.72779
28-05-2024,2214.74071,36096.51435
29-05-2024,2238.108762,36868.31815
30-05-2024,2263.688793,34677.28441
31-05-2024,2290.163507,35772.92257
01-06-2024,2316.676846,34767.69042
03-06-2024,2351.51164,37729.9145
04-06-2024,2358.384853,35497.56629
05-06-2024,2381.804469,36182.33696
06-06-2024,2407.275818,33894.24149
07-06-2024,2433.502611,34886.6434
08-06-2024,2435.335918,33775.74134
10-06-2024,2420.534897,36533.20152
11-06-2024,2402.490377,34207.9267
12-06-2024,2400.949576,34809.55142
13-06-2024,2401.434476,32450.15674
14-06-2024,2402.664393,33384.7072
15-06-2024,2403.81849,32230.52942
18-06-2024,2369.089384,32624.75348
19-06-2024,2367.010028,33243.73884
20-06-2024,2367.017479,30915.52814
21-06-2024,2367.83945,31893.96969
22-06-2024,2368.662544,30795.09707
24-06-2024,2352.16196,33651.1561
25-06-2024,2333.461859,31409.64396
26-06-2024,2331.414048,32115.62248
27-06-2024,2331.552255,29879.16907
28-06-2024,2332.605431,30953.20789
29-06-2024,2333.760229,29953.09587
01-07-2024,2318.218486,33014.84301
02-07-2024,2300.139213,30880.31602
03-07-2024,2298.800034,31696.54515
04-07-2024,2299.728101,29574.30303
05-07-2024,2301.644411,30767.41846
06-07-2024,2303.726308,29892.31284
08-07-2024,2290.187038,33226.55833
09-07-2024,2273.158407,31241.88667
10-07-2024,2272.884627,32218.48243
11-07-2024,2274.878186,30267.98648
12-07-2024,2277.844829,31644.83999
13-07-2024,2280.946278,30965.75492
15-07-2024,2269.290926,34728.10242
16-07-2024,2253.095837,32974.01237
18-07-2024,2256.193473,32486.98717
19-07-2024,2259.678471,34115.72578
20-07-2024,2263.169526,33690.43679
22-07-2024,2251.872116,37952.45986
23-07-2024,2235.632742,36436.59742
24-07-2024,2235.902631,37877.99136
25-07-2024,2238.179848,36382.04201
26-07-2024,2241.159226,38196.4639
27-07-2024,2243.995334,37930.89219
30-07-2024,2213.668252,40962.70218
31-07-2024,2212.766418,42424.35098
01-08-2024,2213.772203,40907.35611
02-08-2024,2215.395201,42658.17221
03-08-2024,2216.805743,42285.96013
05-08-2024,2200.78405,46433.9667
06-08-2024,2181.952804,44747.53131
07-08-2024,2179.515105,45942.59662
08-08-2024,2178.998412,44126.33381
09-08-2024,2179.127337,45549.70536
10-08-2024,2179.086048,44827.05724
12-08-2024,2160.33546,48228.73923
13-08-2024,2140.246957,46159.20778
14-08-2024,2147.904643,47016.54572
16-08-2024,2167.971133,45982.28065
17-08-2024,2178.293193,44969.12074
19-08-2024,2180.538984,47880.12369
20-08-2024,2171.077347,45620.69122
21-08-2024,2178.17012,46287.62979
22-08-2024,2187.343571,43998.00563
23-08-2024,2197.318263,45011.59115
24-08-2024,2207.271749,43950.24795
26-08-2024,2208.920559,46910.34893
27-08-2024,2199.213915,44745.02819
28-08-2024,2206.086728,45548.63319
29-08-2024,2215.057984,43434.17726
30-08-2024,2224.84171,44656.53718
31-08-2024,2234.609821,43831.95032
02-09-2024,2235.887146,47324.17915
03-09-2024,2225.98831,45440.60043
04-09-2024,2232.662362,46526.99458
05-09-2024,2241.427844,44689.33381
06-09-2024,2250.999255,46175.66509
07-09-2024,2260.549754,45595.76943
09-09-2024,2261.38388,49496.48194
10-09-2024,2251.264353,47766.94976
11-09-2024,2257.72182,48968.8415
12-09-2024,2266.277344,47205.5036
13-09-2024,2275.647634,48723.37743
14-09-2024,2285.007586,48131.68601
16-09-2024,2285.496128,51881.77616
17-09-2024,2275.221565,50017.41282
18-09-2024,2281.534472,51048.99701
19-09-2024,2289.953856,49084.04505
20-09-2024,2299.193597,50373.84289
21-09-2024,2308.425084,49532.99703
23-09-2024,2308.646412,52744.87029
24-09-2024,2298.224153,50603.52721
25-09-2024,2304.374008,51360.89366
26-09-2024,2312.610901,49130.21907
27-09-2024,2321.645277,50168.12125
28-09-2024,2330.646022,49093.99955
30-09-2024,2330.32606,51910.94461
01-10-2024,2319.59537,49613.84215
03-10-2024,2333.309176,47920.51522
04-10-2024,2341.993232,48894.60919
05-10-2024,2350.647677,47786.24411
07-10-2024,2349.700705,50614.52133
08-10-2024,2338.72155,48356.66833
09-10-2024,2344.36201,49044.91519
10-10-2024,2352.16374,46788.65414
11-10-2024,2360.867475,47839.40015
14-10-2024,2369.532275,49785.48963
15-10-2024,2359.249601,47585.70523
16-10-2024,2361.979075,48427.92393
17-10-2024,2367.116399,46306.25566
18-10-2024,2373.420628,47469.39102
19-10-2024,2380.109861,46528.52393
21-10-2024,2376.616984,49603.49386
22-10-2024,2365.11764,47415.84744
23-10-2024,2370.771754,48135.09507
24-10-2024,2379.1375,45869.62332
25-10-2024,2388.965268,46871.4816
26-10-2024,2399.459669,45755.98217
28-10-2024,2404.344115,48461.24047
29-10-2024,2397.366447,46089.50423
30-10-2024,2407.723418,46632.98858
02-11-2024,2451.236465,43835.74957
04-11-2024,2466.183252,46407.75828
05-11-2024,2464.155981,44026.66574
06-11-2024,2479.348371,44603.27508
07-11-2024,2497.23803,42254.01552
08-11-2024,2516.49296,43237.8399
09-11-2024,2536.234827,42175.6016
11-11-2024,2558.748408,45215.51254
12-11-2024,2559.995461,43127.9125
13-11-2024,2578.08607,44032.13986
14-11-2024,2598.476407,42039.24517
15-11-2024,2619.81831,43401.96835
16-11-2024,2641.22276,42734.24839
18-11-2024,2665.773461,46579.81717
19-11-2024,2667.40143,44887.46164
20-11-2024,2685.46099,46171.12784
21-11-2024,2705.424405,44533.97084
22-11-2024,2725.964132,46221.19193
23-11-2024,2746.215816,45839.72745
25-11-2024,2767.524767,50118.73977
26-11-2024,2767.128101,48563.6749
27-11-2024,2782.939815,49926.83777
28-11-2024,2800.467912,48309.2124
29-11-2024,2818.420776,49955.0707
30-11-2024,2835.969505,49471.68991
02-12-2024,2851.659868,53372.88876
03-12-2024,2848.410549,51548.80425
04-12-2024,2861.378463,52596.00282
05-12-2024,2876.096132,50621.57025
06-12-2024,2891.293019,51876.72622
07-12-2024,2906.157636,50976.38788
09-12-2024,2916.745973,53997.89785
10-12-2024,2911.094451,51728.24392
11-12-2024,2921.763616,52337.56254
12-12-2024,2934.284772,49941.33319
13-12-2024,2947.382967,50798.75977
14-12-2024,2960.239434,49532.1617
16-12-2024,2967.0421,51941.33043
17-12-2024,2959.587971,49436.16048
18-12-2024,2968.49586,49862.34946
19-12-2024,2979.282124,47337.90178
20-12-2024,2990.656796,48123.33961
21-12-2024,3001.786499,46841.07902
23-12-2024,3005.072195,49382.28335
24-12-2024,2995.804544,47019.14556
26-12-2024,3011.717423,45335.09885
27-12-2024,3021.113398,46381.34178
28-12-2024,3030.202531,45386.96014
30-12-2024,3029.227386,48556.15485
31-12-2024,3017.748777,46518.04162
01-01-2025,3022.539536,47453.67619
02-01-2025,3029.119768,45468.38595
03-01-2025,3036.20756,46809.60267
04-01-2025,3042.981733,46086.53196
06-01-2025,3037.41817,49704.64487
07-01-2025,3023.69894,47834.77516
08-01-2025,3026.307205,48896.43822
09-01-2025,3030.779656,46992.6299
10-01-2025,3035.850331,48369.47102
11-01-2025,3040.712987,47635.88564
13-01-2025,3031.695736,51098.46642
16-01-2025,3020.946781,47855.95485
17-01-2025,3024.955645,48992.75555
18-01-2025,3028.912694,47996.08295
20-01-2025,3018.538515,50886.85738
21-01-2025,3002.833488,48579.88484
22-01-2025,3003.732751,49168.12211
23-01-2025,3006.764692,46764.86625
24-01-2025,3010.650151,47626.92197
25-01-2025,3014.564915,46374.04308
27-01-2025,3004.269485,48827.16006
28-01-2025,2988.642084,46346.76802
29-01-2025,2989.613953,46796.04409
30-01-2025,2992.689955,44290.46835
31-01-2025,2996.567345,45088.22401
01-02-2025,3000.39866,43809.62595
03-02-2025,2989.621173,46325.24564
04-02-2025,2973.553798,43930.22923
05-02-2025,2973.928311,44497.85613
06-02-2025,2976.233655,42140.45698
07-02-2025,2979.153661,43112.49824
08-02-2025,2981.830229,42030.09526
10-02-2025,2968.124039,44985.18007
11-02-2025,2950.277467,42823.47636
12-02-2025,2948.665259,43626.61538
13-02-2025,2948.782683,41501.77979
14-02-2025,2949.323594,42698.40326
15-02-2025,2949.443597,41827.78026
17-02-2025,2930.164642,45150.33395
18-02-2025,2909.346821,43136.52051
19-02-2025,2904.675386,44059.29245
20-02-2025,2901.675636,42023.27912
21-02-2025,2899.073926,43275.99122
22-02-2025,2896.060443,42427.46407
24-02-2025,2870.688038,45690.63151
25-02-2025,2846.985741,43596.27168
26-02-2025,2839.588885,44406.3596
27-02-2025,2834.060514,42227.6713
28-02-2025,2829.163692,43310.48151
01-03-2025,2824.123681,42268.16063
03-03-2025,2795.632527,45087.9179
04-03-2025,2770.894662,42752.92399
05-03-2025,2762.843017,43316.30072
06-03-2025,2757.058898,40890.02347
07-03-2025,2752.318741,41729.69613
08-03-2025,2747.855893,40454.05735
10-03-2025,2721.784588,42857.75293
11-03-2025,2698.876594,40350.11761
12-03-2025,2693.049449,40770.69703
13-03-2025,2689.86284,38235.66262
14-03-2025,2688.065621,39004.32341
15-03-2025,2686.857808,37698.55894
17-03-2025,2668.072845,40174.01779
18-03-2025,2649.104168,37771.1853
19-03-2025,2647.345586,38343.19872
20-03-2025,2648.301506,36005.75618
21-03-2025,2650.66309,37016.88831
22-03-2025,2653.571091,35996.39279
24-03-2025,2642.649171,39158.5426
25-03-2025,2627.30942,37149.15593
26-03-2025,2628.902049,38141.55843
27-03-2025,2632.878047,36245.84703
28-03-2025,2637.879105,37713.93841
29-03-2025,2643.001312,37159.09475
01-04-2025,2620.472301,39691.46491
02-04-2025,2622.253741,41114.19408
03-04-2025,2625.866965,39622.28096
04-04-2025,2629.9514,41460.9184
05-04-2025,2633.609176,41237.03533
07-04-2025,2621.183297,45849.40924
08-04-2025,2603.584312,44469.70523
09-04-2025,2601.934106,46013.46725
10-04-2025,2601.718205,44581.00699
11-04-2025,2601.627322,46415.67576
12-04-2025,2600.820433,46123.55791
15-04-2025,2556.29861,48772.91667
16-04-2025,2549.674122,50003.49916
17-04-2025,2544.529449,48204.68573
19-04-2025,2534.188284,48876.16522
21-04-2025,2503.764408,52148.17438
22-04-2025,2477.514693,49971.28416
23-04-2025,2467.609444,50647.72538
24-04-2025,2459.650324,48290.18426
25-04-2025,2452.436897,49155.3146
26-04-2025,2445.228109,47863.19941
28-04-2025,2412.959981,50114.68475
29-04-2025,2386.662228,47475.00685
30-04-2025,2377.294468,47728.87827
01-05-2025,2370.450624,44994.47921
02-05-2025,2364.91497,45533.09402
03-05-2025,2359.924033,43968.49515
05-05-2025,2333.589721,45846.83063
06-05-2025,2310.932612,43108.73744
07-05-2025,2305.596407,43322.71574
08-05-2025,2303.126533,40605.47299
09-05-2025,2302.255946,41215.84586
10-05-2025,2302.167899,39774.25111
12-05-2025,2286.135276,42034.89643
13-05-2025,2268.768483,39545.7005
14-05-2025,2268.745068,40039.24545
15-05-2025,2271.56005,37625.90119
16-05-2025,2275.898755,38557.95732
17-05-2025,2280.900155,37449.21428
19-05-2025,2274.52932,40383.08425
20-05-2025,2261.666953,38221.90412
21-05-2025,2265.892786,39030.16116
22-05-2025,2272.679707,36913.20545
23-05-2025,2280.695767,38118.94264
24-05-2025,2289.067452,37257.4957
26-05-2025,2288.489027,40595.91984
27-05-2025,2278.046101,38588.54942
28-05-2025,2284.378332,39517.34232
29-05-2025,2292.966621,37487.90192
30-05-2025,2302.490088,38749.12006
31-05-2025,2312.088935,37912.78036
02-06-2025,2313.189637,41219.86585
03-06-2025,2303.235535,39162.03313
04-06-2025,2309.849262,40021.76262
05-06-2025,2318.532474,37908.40251
07-06-2025,2337.369124,38136.31334
09-06-2025,2337.688953,41232.83892
10-06-2025,2327.208986,39073.42827
11-06-2025,2333.231934,39838.1617
12-06-2025,2341.277358,37638.99945
13-06-2025,2350.062342,38730.87038
14-06-2025,2358.764007,37731.14416
16-06-2025,2357.735063,40748.78452
17-06-2025,2346.614845,38572.92568
18-06-2025,2352.036157,39336.55131
19-06-2025,2359.529178,37151.1468
20-06-2025,2367.820611,38270.84207
21-06-2025,2376.09622,37311.94569
23-06-2025,2374.447395,40445.1171
24-06-2025,2363.145802,38341.15122
25-06-2025,2368.478104,39184.20149
26-06-2025,2375.978193,37084.42921
27-06-2025,2384.375418,38294.78629
28-06-2025,2392.857068,37430.60084
30-06-2025,2391.921249,40762.64403
01-07-2025,2381.123587,38762.17852
02-07-2025,2387.053901,39711.47781
03-07-2025,2395.241234,37721.08373
04-07-2025,2404.408704,39044.58453
05-07-2025,2413.735989,38298.16487
07-07-2025,2414.680407,41883.84106
08-07-2025,2404.895539,40021.58678
09-07-2025,2411.870603,41118.27247
10-07-2025,2421.120992,39285.52734
11-07-2025,2431.355342,40777.86084
12-07-2025,2441.738204,40212.14041
14-07-2025,2444.697477,44195.95549
15-07-2025,2435.840479,42550.74444
16-07-2025,2443.669815,43875.45691
17-07-2025,2453.686151,42280.37651
18-07-2025,2464.584275,44018.17389
19-07-2025,2475.516037,43703.38951
21-07-2025,2479.184924,48193.88873
22-07-2025,2470.471148,46797.60435
23-07-2025,2478.294226,48363.19506
24-07-2025,2488.151166,46996.81425
25-07-2025,2498.735341,48946.87105
26-07-2025,2509.19949,48823.61584
28-07-2025,2511.487162,53618.33937
29-07-2025,2501.87284,52327.0264
30-07-2025,2508.667587,53961.63503
31-07-2025,2517.379889,52625.55119
01-08-2025,2526.716222,54565.03506
02-08-2025,2535.843784,54388.89024
04-08-2025,2535.25498,58949.00363
05-08-2025,2524.133823,57477.11879
06-08-2025,2529.398454,58891.18065
07-08-2025,2536.574005,57297.30161
08-08-2025,2544.383064,58945.29438
09-08-2025,2552.008105,58448.28797
11-08-2025,2548.54377,62299.26932
12-08-2025,2536.073611,60450.86801
13-08-2025,2540.061626,61482.31397
14-08-2025,2546.04055,59506.44294
16-08-2025,2559.34205,59922.47629
18-08-2025,2554.107629,63120.87501
19-08-2025,2540.887002,60992.05239
20-08-2025,2544.210146,61780.50608
21-08-2025,2549.604896,59603.27258
22-08-2025,2555.793401,60720.29557
23-08-2025,2561.954775,59753.80582
25-08-2025,2556.007447,62880.27618
26-08-2025,2542.499396,60788.1055
28-08-2025,2550.739297,59608.64602
29-08-2025,2556.72181,60891.63964
30-08-2025,2562.689977,60126.02368
01-09-2025,2556.372065,63736.50503
02-09-2025,2542.677891,61914.81524
03-09-2025,2545.557822,63066.5879
04-09-2025,2550.530018,61298.91906
06-09-2025,2562.0659,62363.04163
08-09-2025,2555.311158,66449.91817
09-09-2025,2541.394871,64825.30358
10-09-2025,2544.053496,66140.23494
11-09-2025,2548.807837,64497.98595
12-09-2025,2554.374483,66144.7322
13-09-2025,2559.928367,65689.24721
15-09-2025,2552.798467,69731.12308
16-09-2025,2538.712418,68020.66752
17-09-2025,2541.213164,69210.19768
18-09-2025,2545.820487,67406.14843
19-09-2025,2551.249124,68858.67723
20-09-2025,2556.671365,68181.24561
22-09-2025,2549.283306,71717.51822
23-09-2025,2535.062485,69735.05987
24-09-2025,2537.418687,70647.84843
25-09-2025,2541.867199,68568.34101
26-09-2025,2547.118557,69752.50539
27-09-2025,2552.341428,68819.24878
29-09-2025,2544.478446,71900.61625
30-09-2025,2529.980253,69726.95304
01-10-2025,2532.033878,70476.63289
03-10-2025,2541.068497,69345.84799
04-10-2025,2545.941777,68341.1764
06-10-2025,2537.395383,71367.71501
07-10-2025,2522.59013,69206.2043
08-10-2025,2524.381299,69990.19243
09-10-2025,2528.306179,67830.02746
10-10-2025,2533.101111,68978.15456
11-10-2025,2537.964187,68048.67446
13-10-2025,2529.805466,71232.41806
14-10-2025,2515.445104,69142.96765
15-10-2025,2517.879608,69988.3671
16-10-2025,2522.668588,67874.73328
17-10-2025,2528.569267,69050.8318
18-10-2025,2534.798639,68127.75478
21-10-2025,2518.090068,69093.77923
22-10-2025,2523.064514,69845.68265
23-10-2025,2530.701394,67614.71346
24-10-2025,2539.755175,68651.93338
27-10-2025,2552.594361,70342.06994
28-10-2025,2544.718891,67998.15172
29-10-2025,2554.164611,68564.81497
31-10-2025,2580.331682,67027.07284
30-11-2025,3015.875689,78297.3698
31-12-2025,3175.771748,68904.14136
31-01-2026,3158.589863,65835.68822
28-02-2026,2993.391818,63991.00164
31-03-2026,2777.227941,60596.48789
30-04-2026,2540.998541,67325.54839
31-05-2026,2493.93937,66823.49097
30-06-2026,2533.155981,60212.52633
31-07-2026,2677.987878,75174.50293
31-08-2026,2711.966088,85019.89092
30-09-2026,2688.731602,92152.0025
